{
    "mnist": [
        4.830634593963623,
        12.584113121032715,
        14.387491226196289,
        13.008055686950684,
        15.161750793457031,
        11.309296607971191,
        10.92994499206543,
        14.523070335388184,
        16.268558502197266,
        15.987967491149902
    ],
    "fashion_mnist": [
        10.905157089233398,
        6.198001384735107,
        19.700645446777344,
        8.843689918518066,
        17.07540512084961,
        9.923352241516113,
        17.161104202270508,
        6.451496601104736,
        12.233626365661621,
        7.5197224617004395
    ],
    "cifar-10": [
        62.610748291015625,
        61.541866302490234,
        86.22117614746094,
        89.72493743896484,
        68.92584991455078,
        99.74309539794922,
        76.33572387695312,
        48.67272186279297,
        51.03187942504883,
        63.01015853881836
    ],
    "spots-10": [
        55.61813735961914,
        46.366477966308594,
        28.639659881591797,
        28.15608787536621,
        62.23946762084961,
        60.34292984008789,
        40.738285064697266,
        47.63040542602539,
        37.89604187011719,
        42.58970260620117
    ],
    "caltech-101": [
        38.21187973022461,
        17.409387588500977,
        101.7677230834961,
        98.88993835449219,
        18.006467819213867,
        33.276153564453125,
        29.498695373535156,
        18.992517471313477,
        40.24997329711914,
        28.492591857910156,
        19.086917877197266,
        11.582115173339844,
        25.395444869995117,
        46.14710998535156,
        23.092758178710938,
        15.124585151672363,
        39.2726936340332,
        18.659360885620117,
        17.349855422973633,
        23.511032104492188,
        29.014610290527344,
        27.516328811645508,
        40.676273345947266,
        12.359230041503906,
        23.187328338623047,
        35.680419921875,
        41.451412200927734,
        34.42198944091797,
        60.26997756958008,
        22.63100814819336,
        39.58991622924805,
        85.91996002197266,
        37.55850601196289,
        40.05609893798828,
        22.584697723388672,
        29.8330078125,
        40.507720947265625,
        80.4196548461914,
        34.37837600708008,
        31.758455276489258,
        16.39323616027832,
        15.228639602661133,
        17.75206184387207,
        29.636409759521484,
        28.240619659423828,
        50.27958679199219,
        38.33879089355469,
        34.001739501953125,
        28.066726684570312,
        29.7661190032959,
        30.247543334960938,
        38.57799530029297,
        43.04326248168945,
        24.06980323791504,
        50.79921340942383,
        20.616987228393555,
        20.83209228515625,
        14.915088653564453,
        37.122230529785156,
        25.32961082458496,
        32.891414642333984,
        36.221195220947266,
        23.314891815185547,
        48.08702087402344,
        21.399860382080078,
        30.78865623474121,
        51.814239501953125,
        19.26967430114746,
        18.790151596069336,
        24.182327270507812,
        31.508363723754883,
        46.4039306640625,
        22.29322052001953,
        51.152565002441406,
        43.41402053833008,
        29.905044555664062,
        33.6750373840332,
        36.542999267578125,
        40.57701110839844,
        54.90061569213867,
        54.55824279785156,
        41.426631927490234,
        26.23430633544922,
        83.62511444091797,
        41.023380279541016,
        27.147634506225586,
        21.085342407226562,
        19.521434783935547,
        44.572654724121094,
        27.97757339477539,
        62.089210510253906,
        54.47053909301758,
        56.004024505615234,
        29.502723693847656,
        46.29112243652344,
        32.56281280517578,
        48.37820053100586,
        47.13576126098633,
        37.04010772705078,
        22.878971099853516,
        15.900016784667969
    ],
    "caltech-256": [
        55.17546463012695,
        20.638690948486328,
        32.597347259521484,
        47.40132522583008,
        49.30963134765625,
        21.516576766967773,
        63.483970642089844,
        84.3069839477539,
        46.721458435058594,
        31.122119903564453,
        55.639427185058594,
        91.38813018798828,
        60.126956939697266,
        27.188600540161133,
        21.7852725982666,
        56.600982666015625,
        23.60611915588379,
        38.162349700927734,
        53.3351936340332,
        49.00999069213867,
        38.69147491455078,
        28.32245635986328,
        32.302799224853516,
        38.98240661621094,
        40.831233978271484,
        38.621280670166016,
        49.24504470825195,
        33.03873825073242,
        26.878799438476562,
        29.884218215942383,
        31.822463989257812,
        54.52102279663086,
        48.84414291381836,
        25.071063995361328,
        51.173587799072266,
        43.8156852722168,
        37.2459602355957,
        57.545902252197266,
        47.061588287353516,
        37.33998107910156,
        46.684906005859375,
        33.0106086730957,
        55.697566986083984,
        38.68815231323242,
        62.02988815307617,
        45.8834228515625,
        26.410202026367188,
        36.982852935791016,
        30.99488639831543,
        17.634790420532227,
        52.96023178100586,
        31.835546493530273,
        25.432727813720703,
        44.57758712768555,
        46.23140335083008,
        73.62274932861328,
        38.08430862426758,
        22.090669631958008,
        65.44568634033203,
        40.54533386230469,
        34.55021667480469,
        81.5470199584961,
        30.490768432617188,
        63.71210479736328,
        60.96885681152344,
        48.74300003051758,
        70.45148468017578,
        37.88804244995117,
        45.21161651611328,
        40.18207550048828,
        35.56721878051758,
        22.196331024169922,
        52.14364242553711,
        131.2987823486328,
        48.2429313659668,
        29.53797721862793,
        56.02930450439453,
        65.91657257080078,
        39.47930908203125,
        71.5293197631836,
        38.09849166870117,
        78.54816436767578,
        33.729522705078125,
        25.35685920715332,
        35.81787109375,
        53.87584686279297,
        55.090911865234375,
        46.650146484375,
        50.31644821166992,
        33.484703063964844,
        52.533390045166016,
        26.423315048217773,
        38.87576675415039,
        63.20054626464844,
        71.29881286621094,
        44.195133209228516,
        18.84910774230957,
        55.936302185058594,
        26.896066665649414,
        60.15865707397461,
        74.23822784423828,
        14.543516159057617,
        37.196895599365234,
        39.69873809814453,
        47.28729248046875,
        75.56121826171875,
        42.408809661865234,
        35.33961868286133,
        32.28890609741211,
        64.18086242675781,
        38.144447326660156,
        116.94239807128906,
        47.83111572265625,
        42.49932861328125,
        102.43199920654297,
        56.91679382324219,
        38.557899475097656,
        77.48265075683594,
        48.39716339111328,
        60.75794982910156,
        30.7763614654541,
        48.60222244262695,
        59.922611236572266,
        41.70323944091797,
        37.1331901550293,
        47.53019332885742,
        38.64773178100586,
        30.133054733276367,
        35.53647232055664,
        36.99753952026367,
        20.883975982666016,
        53.14794921875,
        69.01861572265625,
        51.0809211730957,
        74.88079071044922,
        87.9288558959961,
        47.17574691772461,
        50.01319122314453,
        78.08941650390625,
        15.763059616088867,
        61.977989196777344,
        37.271697998046875,
        50.71330261230469,
        48.73627853393555,
        50.90987014770508,
        49.195640563964844,
